{
  "tag": "base",
  "adapter": null,
  "n": 130,
  "judged": true,
  "perplexity": 1.665250536282915,
  "mean_loss": 0.5099755843545859,
  "format_valid_rate": 0.0,
  "raw": {
    "render_pass": 59,
    "render_rate": 0.45384615384615384,
    "match_of_rendered": 0.4745762711864407,
    "valid_and_match": 28,
    "knockout_rate": 0.7846153846153846
  },
  "extracted": {
    "render_pass": 52,
    "render_rate": 0.4,
    "match_of_rendered": 0.4230769230769231,
    "valid_and_match": 22,
    "knockout_rate": 0.8307692307692307
  }
}